<archive xmlns="http://rs.tdwg.org/dwc/text/" metadata="eml.xml">
  <core encoding="UTF-8" fieldsTerminatedBy="\t" linesTerminatedBy="\n" fieldsEnclosedBy="" ignoreHeaderLines="1" rowType="http://rs.tdwg.org/dwc/terms/Taxon">
    <files>
      <location>taxon.txt</location>
    </files>
    <id index="0" />
    <field index="1" term="http://rs.tdwg.org/dwc/terms/taxonID"/>
    <field index="2" term="http://rs.tdwg.org/dwc/terms/acceptedNameUsageID"/>
    <field index="3" term="http://rs.tdwg.org/dwc/terms/scientificName"/>
    <field index="4" term="http://rs.tdwg.org/dwc/terms/kingdom"/>
    <field index="5" term="http://rs.tdwg.org/dwc/terms/class"/>
    <field index="6" term="http://rs.tdwg.org/dwc/terms/order"/>
    <field index="7" term="http://rs.tdwg.org/dwc/terms/family"/>
    <field index="8" term="http://rs.tdwg.org/dwc/terms/genus"/>
    <field index="9" term="http://rs.tdwg.org/dwc/terms/subgenus"/>
    <field index="10" term="http://rs.tdwg.org/dwc/terms/specificEpithet"/>
    <field index="11" term="http://rs.tdwg.org/dwc/terms/taxonRank"/>
    <field index="12" term="http://rs.tdwg.org/dwc/terms/scientificNameAuthorship"/>
    <field index="13" term="http://rs.tdwg.org/dwc/terms/taxonomicStatus"/>
    <field index="14" term="http://rs.tdwg.org/dwc/terms/taxonRemarks"/>
    <field index="15" term="http://purl.org/dc/terms/modified"/>
    <field index="16" term="http://purl.org/dc/terms/language"/>
    <field index="17" term="http://rs.tdwg.org/dwc/terms/informationWithheld"/>
    <field index="18" term="http://purl.org/dc/terms/references"/>
  </core>
</archive>
